{"username":"Aryaaadg","access_token":"","init_data":"query_id=AAF9aHQhAwAAAH1odCEacsbc&user=%7B%22id%22%3A7003727997%2C%22first_name%22%3A%22Arya%22%2C%22last_name%22%3A%22%F0%9F%8D%85%22%2C%22username%22%3A%22Aryaaadg%22%2C%22language_code%22%3A%22en%22%2C%22allows_write_to_pm%22%3Atrue%7D&auth_date=1725809066&hash=fafce59d7724f8c6081b88b306b65c693f9eb7d980ab3e36d3ede9a9a3ef1152","use_proxy":false,"proxy_hostname":"","proxy_protocol":"socks5","proxy_port":0,"proxy_username":"","proxy_password":""}