{"username":"cahayahj","access_token":"","init_data":"query_id=AAHGK64VAwAAAMYrrhWDSTTR&user=%7B%22id%22%3A6806186950%2C%22first_name%22%3A%22Cahaya%20%F0%9F%A6%B4%F0%9F%8D%85%22%2C%22last_name%22%3A%22%22%2C%22username%22%3A%22cahayahj%22%2C%22language_code%22%3A%22en%22%2C%22allows_write_to_pm%22%3Atrue%7D&auth_date=1725808697&hash=94d2959180d4c7662fd42154dc401b600137313385cc73f0a0227c7ea8f9bf58","use_proxy":false,"proxy_hostname":"","proxy_protocol":"socks5","proxy_port":0,"proxy_username":"","proxy_password":""}