{"username":"Cceblok","access_token":"","init_data":"query_id=AAGOtuYXAwAAAI625hepyc0f&user=%7B%22id%22%3A6843446926%2C%22first_name%22%3A%22Ceblok%20%F0%9F%A6%B4%22%2C%22last_name%22%3A%22%F0%9F%8D%85%22%2C%22username%22%3A%22Cceblok%22%2C%22language_code%22%3A%22id%22%2C%22allows_write_to_pm%22%3Atrue%7D&auth_date=1725809095&hash=a5f6b44d8a9a100f5ed02dcfdd014d1e9ffd93baed245dbdaae558710ba1e317","use_proxy":false,"proxy_hostname":"","proxy_protocol":"socks5","proxy_port":0,"proxy_username":"","proxy_password":""}