{"username":"Dewipaer","access_token":"","init_data":"query_id=AAEupfQzAAAAAC6l9DM8zxbP&user=%7B%22id%22%3A871671086%2C%22first_name%22%3A%22Dewi%22%2C%22last_name%22%3A%22%F0%9F%8D%85%22%2C%22username%22%3A%22Dewipaer%22%2C%22language_code%22%3A%22en%22%2C%22allows_write_to_pm%22%3Atrue%7D&auth_date=1725807367&hash=1b13efe7a7014db8956599fac89b59842a8399c1772dd8bd8ec12815a0a4c5c4","use_proxy":false,"proxy_hostname":"","proxy_protocol":"socks5","proxy_port":0,"proxy_username":"","proxy_password":""}