{"username":"Fiastt","access_token":"","init_data":"query_id=AAHCcYAhAwAAAMJxgCF5FHmm&user=%7B%22id%22%3A7004516802%2C%22first_name%22%3A%22Fias%22%2C%22last_name%22%3A%22%F0%9F%A6%B4%F0%9F%8D%85%22%2C%22username%22%3A%22Fiastt%22%2C%22language_code%22%3A%22en%22%2C%22allows_write_to_pm%22%3Atrue%7D&auth_date=1725809075&hash=5075f047c4cbd35efa6e89cd223bd9b48c3379876daab3a9d40fa901b0857fe9","use_proxy":false,"proxy_hostname":"","proxy_protocol":"socks5","proxy_port":0,"proxy_username":"","proxy_password":""}