{"username":"huiii222","access_token":"","init_data":"query_id=AAFRavQhAwAAAFFq9CHyNXV9&user=%7B%22id%22%3A7012117073%2C%22first_name%22%3A%22Hui%22%2C%22last_name%22%3A%22Hui%20%F0%9F%A6%B4%F0%9F%8D%85%22%2C%22username%22%3A%22huiii222%22%2C%22language_code%22%3A%22en%22%2C%22allows_write_to_pm%22%3Atrue%7D&auth_date=1725807122&hash=707fdff8651a044597ea28976257b472bfe4604d31fd42f34ab9b490e062a888","use_proxy":false,"proxy_hostname":"","proxy_protocol":"socks5","proxy_port":0,"proxy_username":"","proxy_password":""}