{"username":"Jai2j","access_token":"","init_data":"query_id=AAGEw6YrAwAAAITDpitcfsdk&user=%7B%22id%22%3A7174800260%2C%22first_name%22%3A%22Jai%22%2C%22last_name%22%3A%22Jai%20%F0%9F%A6%B4%F0%9F%8D%85%22%2C%22username%22%3A%22Jai2j%22%2C%22language_code%22%3A%22en%22%2C%22allows_write_to_pm%22%3Atrue%7D&auth_date=1725647570&hash=12e155508ea7563a83f2eb4a3c4a97295bee6a10844f57a971ee9516195f5452","use_proxy":false,"proxy_hostname":"","proxy_protocol":"socks5","proxy_port":0,"proxy_username":"","proxy_password":""}