{"username":"Jayasunanda","access_token":"","init_data":"query_id=AAFixodUAAAAAGLGh1THvr6x&user=%7B%22id%22%3A1418184290%2C%22first_name%22%3A%22Jaya%22%2C%22last_name%22%3A%22%F0%9F%8D%85%22%2C%22username%22%3A%22Jayasunanda%22%2C%22language_code%22%3A%22en%22%2C%22allows_write_to_pm%22%3Atrue%7D&auth_date=1725808741&hash=b6122f694b5f63f8ff6b3553d80b348d482652560d9f6a5139f4d7e73ef66fd7","use_proxy":false,"proxy_hostname":"","proxy_protocol":"socks5","proxy_port":0,"proxy_username":"","proxy_password":""}