{"username":"Jisj2","access_token":"","init_data":"query_id=AAEoApghAwAAACgCmCEtM8Ol&user=%7B%22id%22%3A7006061096%2C%22first_name%22%3A%22Jis%22%2C%22last_name%22%3A%22Jis%F0%9F%A6%B4%F0%9F%8D%85%22%2C%22username%22%3A%22Jisj2%22%2C%22language_code%22%3A%22en%22%2C%22allows_write_to_pm%22%3Atrue%7D&auth_date=1725807298&hash=f0ea1164e9950bd3083d5e02b8738bc852066e7699fc05fd7989ef454658b20e","use_proxy":false,"proxy_hostname":"","proxy_protocol":"socks5","proxy_port":0,"proxy_username":"","proxy_password":""}