{"username":"Kiliopu","access_token":"","init_data":"query_id=AAHwVRoFAwAAAPBVGgXD_kdx&user=%7B%22id%22%3A6528062960%2C%22first_name%22%3A%22Assfk%20%F0%9F%A6%B4%22%2C%22last_name%22%3A%22%F0%9F%8D%85%22%2C%22username%22%3A%22Kiliopu%22%2C%22language_code%22%3A%22en%22%2C%22allows_write_to_pm%22%3Atrue%7D&auth_date=1725647679&hash=ec8d621e6452ee95e1306c02ab2f932e02b17f546b59feb59a594c718809df26","use_proxy":false,"proxy_hostname":"","proxy_protocol":"socks5","proxy_port":0,"proxy_username":"","proxy_password":""}