{"username":"Kuromikuro","access_token":"","init_data":"query_id=AAHW1BAnAwAAANbUECcEfqXX&user=%7B%22id%22%3A7097865430%2C%22first_name%22%3A%22Kuromo%22%2C%22last_name%22%3A%22Kuromi%20%F0%9F%8D%85%22%2C%22username%22%3A%22Kuromikuro%22%2C%22language_code%22%3A%22en%22%2C%22allows_write_to_pm%22%3Atrue%7D&auth_date=1725807307&hash=bf0e25d76a0b04a82fc385c8d6ea2771dbe61e1dc8aad1427d103a5817ae1dba","use_proxy":false,"proxy_hostname":"","proxy_protocol":"socks5","proxy_port":0,"proxy_username":"","proxy_password":""}