{"username":"Mukidij","access_token":"","init_data":"query_id=AAGNI5kUAwAAAI0jmRSoxwkY&user=%7B%22id%22%3A6788031373%2C%22first_name%22%3A%22Mukidi%20%F0%9F%A6%B4%22%2C%22last_name%22%3A%22%F0%9F%8D%85%22%2C%22username%22%3A%22Mukidij%22%2C%22language_code%22%3A%22en%22%2C%22allows_write_to_pm%22%3Atrue%7D&auth_date=1725807388&hash=4e531c1fa5df3b8c3d03ce553d1d9aa6b0683cc8de01746a68f2b2dec7a19b7b","use_proxy":false,"proxy_hostname":"","proxy_protocol":"socks5","proxy_port":0,"proxy_username":"","proxy_password":""}