{"username":"Rayu1y","access_token":"","init_data":"query_id=AAHVCkwmAwAAANUKTCbSa5Yj&user=%7B%22id%22%3A7084968661%2C%22first_name%22%3A%22Rayu%20%F0%9F%A6%B4%F0%9F%8D%85%22%2C%22last_name%22%3A%22%22%2C%22username%22%3A%22Rayu1y%22%2C%22language_code%22%3A%22en%22%2C%22allows_write_to_pm%22%3Atrue%7D&auth_date=1725808717&hash=fda9b098d6b9d5d53496644cc8af72f9beb46a1e11cdc26a3cb7902b793f90d0","use_proxy":false,"proxy_hostname":"","proxy_protocol":"socks5","proxy_port":0,"proxy_username":"","proxy_password":""}