{"username":"Rio56j","access_token":"","init_data":"query_id=AAFyeuUaAwAAAHJ65RoDmAxl&user=%7B%22id%22%3A6893697650%2C%22first_name%22%3A%22Rio%22%2C%22last_name%22%3A%22Rio%20%F0%9F%A6%B4%F0%9F%8D%85%22%2C%22username%22%3A%22Rio56j%22%2C%22language_code%22%3A%22en%22%2C%22allows_write_to_pm%22%3Atrue%7D&auth_date=1725807525&hash=6a78c5783d4cfbfc3cd7c19ffeec639fae6f10d3fd0c82ced2df09cb2acd98e6","use_proxy":false,"proxy_hostname":"","proxy_protocol":"socks5","proxy_port":0,"proxy_username":"","proxy_password":""}