{"username":"ritt2222","access_token":"","init_data":"query_id=AAFgF6klAwAAAGAXqSVitq-L&user=%7B%22id%22%3A7074289504%2C%22first_name%22%3A%22Rit%22%2C%22last_name%22%3A%22Rit%20%F0%9F%A6%B4%F0%9F%8D%85%22%2C%22username%22%3A%22ritt2222%22%2C%22language_code%22%3A%22en%22%2C%22allows_write_to_pm%22%3Atrue%7D&auth_date=1725807169&hash=4486c730d36a163767be2c9a16b3df695670ca2ec886f0385970a78918d9cc27","use_proxy":false,"proxy_hostname":"","proxy_protocol":"socks5","proxy_port":0,"proxy_username":"","proxy_password":""}