{"username":"saitu_45","access_token":"","init_data":"query_id=AAH1FIkMAwAAAPUUiQxeaasD&user=%7B%22id%22%3A6652761333%2C%22first_name%22%3A%22Budi%22%2C%22last_name%22%3A%22Budi%20%F0%9F%A6%B4%F0%9F%8D%85%22%2C%22username%22%3A%22saitu_45%22%2C%22language_code%22%3A%22en%22%2C%22allows_write_to_pm%22%3Atrue%7D&auth_date=1725807531&hash=cf03c5f5ffebd1826c4bad869c6ef8e5db61aac15f8265c9aafc74a7055d5f14","use_proxy":false,"proxy_hostname":"","proxy_protocol":"socks5","proxy_port":0,"proxy_username":"","proxy_password":""}