{"username":"Santuie","access_token":"","init_data":"query_id=AAHugcMdAwAAAO6Bwx1dlGT7&user=%7B%22id%22%3A6941802990%2C%22first_name%22%3A%22Satui%22%2C%22last_name%22%3A%22Santui%20%F0%9F%A6%B4%F0%9F%8D%85%22%2C%22username%22%3A%22Santuie%22%2C%22language_code%22%3A%22en%22%2C%22allows_write_to_pm%22%3Atrue%7D&auth_date=1725809086&hash=2e860bf5db40f106a8bc994e12fb1cb4a9d92143b94e0a8c77335636c5281448","use_proxy":false,"proxy_hostname":"","proxy_protocol":"socks5","proxy_port":0,"proxy_username":"","proxy_password":""}