{"username":"Satuhjk","access_token":"","init_data":"query_id=AAFMFp0pAwAAAEwWnSk_6PEk&user=%7B%22id%22%3A7140611660%2C%22first_name%22%3A%22Satu%20%F0%9F%A6%B4%22%2C%22last_name%22%3A%22%F0%9F%8D%85%22%2C%22username%22%3A%22Satuhjk%22%2C%22language_code%22%3A%22en%22%2C%22allows_write_to_pm%22%3Atrue%7D&auth_date=1725807398&hash=1d02de1e40c692476f220200afb098d38ccbb490c8cfe2abebc05420c1ffa59d","use_proxy":false,"proxy_hostname":"","proxy_protocol":"socks5","proxy_port":0,"proxy_username":"","proxy_password":""}