{"username":"yyayuk","access_token":"","init_data":"query_id=AAFeN2FBAAAAAF43YUGcYjjH&user=%7B%22id%22%3A1096890206%2C%22first_name%22%3A%22Mmmm%20%F0%9F%8D%85%22%2C%22last_name%22%3A%22%22%2C%22username%22%3A%22yyayuk%22%2C%22language_code%22%3A%22en%22%2C%22allows_write_to_pm%22%3Atrue%7D&auth_date=1725808690&hash=3ca7b95835ea91dd28894ddefaf046cc8c64e7fe2f70f16f9a973af7fa507a38","use_proxy":false,"proxy_hostname":"","proxy_protocol":"socks5","proxy_port":0,"proxy_username":"","proxy_password":""}